record_id,scraped_at,country,platform,platform_type,source_url,thread_id,post_id,parent_post_id,author_id,author_username,post_date,post_date_normalized,content_original,English Translation,car_brand,car_model,parameter,sentiment,has_media,media_urls,like_count,reply_count,share_count,view_count,is_thread_opener,star_rating,star_rating_max,star_rating_available,scraper_version,raw_html_hash,enriched_content,has_context,is_semantic_duplicate,duplicate_of_id,similarity_score,content_quality_flag,wow_signal_hits,category,parameter_s5,sentiment_s5,confidence,is_wow_factor,review_flag,focus_model,content_english,translation_status,translation_source,is_substantial,engagement_raw,engagement_score,sentiment_weight,wow_factor_score,wow_score_tier
2e7f5102-4db7-4355-9263-d2f992873e77,04/06/2026 23:30,Vietnam,YouTube,video_comment,https://www.youtube.com/watch?v=xzVrqva0KOM,UgxQjgqNCn5oc4D-2gh4AaABAg,UgxQjgqNCn5oc4D-2gh4AaABAg,,,@inhhainguyen8310,2 minggu yang lalu,,mua để được tiếng yêu nước,,VinFast,VinFast VF3,Safety,Neutral,FALSE,,0,1,0,0,FALSE,,,FALSE,youtube_vietnam_demo_v1,,mua để được tiếng yêu nước,FALSE,FALSE,,,KEEP,,Brand Perception,Country of Origin Image,Positive,0.9,FALSE,OK,VinFast VF3,Buy to be patriotic,ok,auto,TRUE,1.039720771,9.28,0.9,49.64,MEDIUM
a2d53772-a865-4d3d-9cb3-8e84816a43eb,04/06/2026 23:30,Vietnam,YouTube,video_comment,https://www.youtube.com/watch?v=xzVrqva0KOM,UgyKNLgLIKRKZ3Xu5vR4AaABAg.AWts3ytsKlPAWvONFtcrfT,UgyKNLgLIKRKZ3Xu5vR4AaABAg.AWts3ytsKlPAWvONFtcrfT,,,@HoSoDen-u6g,2 minggu yang lalu,,toyota nên dạy khách nên lái xe thế nào để tránh đâm đụng vì xe của hãng toàn thùng tôn di động đụng là nghẻo luôn,,VinFast,VinFast VF3,Safety,Neutral,FALSE,,1,,0,0,FALSE,,,FALSE,youtube_vietnam_demo_v1,,toyota nên dạy khách nên lái xe thế nào để tránh đâm đụng vì xe của hãng toàn thùng tôn di động đụng là nghẻo luôn,FALSE,FALSE,,,KEEP,,Safety & ADAS,Body Structure,Positive,0.9,FALSE,OK,VinFast VF3,Toyota should teach customers how to drive to avoid collisions because their cars are all portable metal boxes and crashing will cause them to crash.,ok,auto,TRUE,0.693147181,6.19,0.9,48.09,MEDIUM
fd534a85-a8a1-4529-9db1-a3f9a4b3c835,04/06/2026 23:30,Vietnam,YouTube,video_comment,https://www.youtube.com/watch?v=xzVrqva0KOM,UgyR-0SjkGJCHHaY2UZ4AaABAg.AWq61WF0-8wAWwPXDgp7lE,UgyR-0SjkGJCHHaY2UZ4AaABAg.AWq61WF0-8wAWwPXDgp7lE,,,@quannguyenminh1058,2 minggu yang lalu (diedit),,"Nhảm vậy bác, tôi đã đi VF3 nếu có lên đời mua xe khác tôi cũng sẽ mua xe VinFast đây nè.",,VinFast,VinFast VF3,Value Perception,Neutral,FALSE,,1,,0,0,FALSE,,,FALSE,youtube_vietnam_demo_v1,,"Nhảm vậy bác, tôi đã đi VF3 nếu có lên đời mua xe khác tôi cũng sẽ mua xe VinFast đây nè.",FALSE,FALSE,,,KEEP,,Brand Perception,Brand Loyalty,Positive,0.9,FALSE,OK,VinFast VF3,"That's nonsense, I went with VF3. If I were to buy another car in life, I would also buy a VinFast car.",ok,auto,TRUE,0.693147181,6.19,0.9,48.09,MEDIUM
78da1406-daee-4faa-a8e3-6c352c4783ef,04/06/2026 23:30,Vietnam,YouTube,video_comment,https://www.youtube.com/watch?v=xzVrqva0KOM,UgzcPqFC0bJV_oD99eV4AaABAg,UgzcPqFC0bJV_oD99eV4AaABAg,,,@q-review,2 minggu yang lalu,,Macaron 260 triệu có làm khó được VF3?,,VinFast,VinFast VF3,Powertrain / Performance,Neutral,FALSE,,1,1,0,0,FALSE,,,FALSE,youtube_vietnam_demo_v1,,Macaron 260 triệu có làm khó được VF3?,FALSE,FALSE,,,KEEP,,Value Perception,Competitor Comparison,Positive,0.8,FALSE,OK,VinFast VF3,Will 260 million macarons make it difficult for VF3?,ok,auto,TRUE,1.732867951,15.47,0.8,47.74,MEDIUM
18dec2e3-823c-4824-ad95-7bb04b4ba2eb,04/06/2026 23:30,Vietnam,YouTube,video_comment,https://www.youtube.com/watch?v=xzVrqva0KOM,UgyaVjD33nIvf2t5ST54AaABAg,UgyaVjD33nIvf2t5ST54AaABAg,,,@drsante8062,2 minggu yang lalu,,"vf3 đi đô thị ngon rồi , ko tốn xăng nuôi xe nhàn ko",,VinFast,VinFast VF3,Powertrain / Performance,Positive,FALSE,,1,1,0,0,FALSE,,,FALSE,youtube_vietnam_demo_v1,,"vf3 đi đô thị ngon rồi , ko tốn xăng nuôi xe nhàn ko",FALSE,FALSE,,,KEEP,ngon(100.0%),Powertrain / Performance; Value Perception; Value Perception,Urban Driving; Fuel Cost; Maintenance Cost,Positive,0.867,FALSE,OK,VinFast VF3,"Vf3 is good for urban travel, doesn't waste gas on the car",ok,auto,TRUE,0.719205181,6.42,0.867,46.56,MEDIUM
d9c08eed-dd5e-453a-81e8-16f5d83621ec,04/06/2026 23:30,Vietnam,YouTube,video_comment,https://www.youtube.com/watch?v=xzVrqva0KOM,UgwKEZ5t0P-27Oi0YyV4AaABAg.AWpV0PLnEqFAWqrfUVmpX-,UgwKEZ5t0P-27Oi0YyV4AaABAg.AWpV0PLnEqFAWqrfUVmpX-,,,@nuis3470,2 minggu yang lalu,,Đã VF5 mà còn là bản cởi chuồng thì ko hiểu so với VF3 nnao luon ý=))) VF3 nó có tệp khách riêng bác ơi,,VinFast,VinFast VF3,Powertrain / Performance,Negative,FALSE,,0,,0,0,FALSE,,,FALSE,youtube_vietnam_demo_v1,,Đã VF5 mà còn là bản cởi chuồng thì ko hiểu so với VF3 nnao luon ý=))) VF3 nó có tệp khách riêng bác ơi,FALSE,FALSE,,,KEEP,,Value Perception,Competitor Comparison,Positive,0.9,FALSE,OK,VinFast VF3,"Even though it's VF5, it's still an unmodified version, so I don't understand how it compares to VF3. =))) VF3 has its own client file.",ok,auto,TRUE,0,0,0.9,45,MEDIUM
c8022d03-d197-4700-8345-1dfc545ee972,04/06/2026 23:30,Vietnam,YouTube,video_comment,https://www.youtube.com/watch?v=xzVrqva0KOM,UgyaVjD33nIvf2t5ST54AaABAg.AWpvU85Bb-RAWqnpI5YirA,UgyaVjD33nIvf2t5ST54AaABAg.AWpvU85Bb-RAWqnpI5YirA,,,@XẾCỘNG,2 minggu yang lalu,,"Đúng rồi bác, đi phố con này cực tiện và tiết kiệm ạ!",,VinFast,VinFast VF3,Powertrain / Performance,Positive,FALSE,,0,,0,0,FALSE,,,FALSE,youtube_vietnam_demo_v1,,"Đúng rồi bác, đi phố con này cực tiện và tiết kiệm ạ!",FALSE,FALSE,,,KEEP,,Comfort & Space; Value Perception,City Driving; Energy Consumption,Positive,0.9,FALSE,OK,VinFast VF3,"That's right, going to this street is very convenient and economical!",ok,auto,TRUE,0,0,0.9,45,MEDIUM
a4bad41d-965a-4c09-afb1-060b107620b6,04/06/2026 23:30,Vietnam,YouTube,video_comment,https://www.youtube.com/watch?v=xzVrqva0KOM,UgyWTxTnmHbMRhP32d14AaABAg,UgyWTxTnmHbMRhP32d14AaABAg,,,@THANHDOAN-g9m,2 minggu yang lalu,,Mình làm nghề xe ở Mỹ.Mình không biết tại sao Vinfast không đem VF3 sang Mỹ nhất là Cali vì mẫu xe này sẽ phù hợp thị hiếu dân Mỹ vì họ cũng thích chế độ xe.Nó giống xe Jeep Mỹ,,VinFast,VinFast VF3,Styling / Design,Positive,FALSE,,0,1,0,0,FALSE,,,FALSE,youtube_vietnam_demo_v1,,Mình làm nghề xe ở Mỹ.Mình không biết tại sao Vinfast không đem VF3 sang Mỹ nhất là Cali vì mẫu xe này sẽ phù hợp thị hiếu dân Mỹ vì họ cũng thích chế độ xe.Nó giống xe Jeep Mỹ,FALSE,FALSE,,,KEEP,,Styling / Design; Value Perception; Brand Perception,Body Shape; Competitor Comparison; Brand Image,Positive,0.85,FALSE,OK,VinFast VF3,"I work as a car owner in the US. I don't know why Vinfast doesn't bring the VF3 to the US, especially Cali because this model will suit the tastes of American people because they also like the car's styling. It's similar to an American Jeep.",ok,auto,TRUE,0.431523109,3.85,0.85,44.42,MEDIUM
6a5de4c9-6605-4931-89e2-2a5ed7164cd6,04/06/2026 23:30,Vietnam,YouTube,video_comment,https://www.youtube.com/watch?v=xzVrqva0KOM,UgyKNLgLIKRKZ3Xu5vR4AaABAg.AWts3ytsKlPAWxTlt-3OeC,UgyKNLgLIKRKZ3Xu5vR4AaABAg.AWts3ytsKlPAWxTlt-3OeC,,,@TNDucvinh,2 minggu yang lalu,,@HoSoDen-u6g toàn daihatsu nhái toy thôi,,VinFast,VinFast VF3,Powertrain / Performance,Neutral,FALSE,,0,,0,0,FALSE,,,FALSE,youtube_vietnam_demo_v1,,@HoSoDen-u6g toàn daihatsu nhái toy thôi,FALSE,FALSE,,,KEEP,,Brand Perception,Brand Image,Positive,0.8,FALSE,OK,VinFast VF3,@HoSoDen-u6g are all fake daihatsu toys,ok,auto,TRUE,0,0,0.8,40,MEDIUM
de1d8ed3-2947-4717-92a6-40e1ed6d6d2b,04/06/2026 23:30,Vietnam,YouTube,video_comment,https://www.youtube.com/watch?v=xzVrqva0KOM,UgytODucjZrLrXInQ394AaABAg.AWrGxMdRiR1AWujWfFGmX-,UgytODucjZrLrXInQ394AaABAg.AWrGxMdRiR1AWujWfFGmX-,,,@KB80486,2 minggu yang lalu,,Đi 3 năm sướng bao lâu rồi,,VinFast,VinFast VF3,Safety,Neutral,FALSE,,1,,0,0,FALSE,,,FALSE,youtube_vietnam_demo_v1,,Đi 3 năm sướng bao lâu rồi,FALSE,FALSE,,,KEEP,,Comfort & Space,Ride Quality,Positive,0.7,FALSE,OK,VinFast VF3,How long has it been since I've been gone for 3 years?,ok,auto,TRUE,0.693147181,6.19,0.7,38.09,LOW
1463816f-02bf-4afe-b26e-379fc2510c8b,04/06/2026 23:30,Vietnam,YouTube,video_comment,https://www.youtube.com/watch?v=xzVrqva0KOM,UgxQjgqNCn5oc4D-2gh4AaABAg.AWuYaAkYxdXAWzgOqd0hOf,UgxQjgqNCn5oc4D-2gh4AaABAg.AWuYaAkYxdXAWzgOqd0hOf,,,@LinhLinh-s5m,2 minggu yang lalu,,Chả ai nói thế ngoài mấy thằng anti.,,VinFast,VinFast VF3,Styling / Design,Neutral,FALSE,,0,,0,0,FALSE,,,FALSE,youtube_vietnam_demo_v1,,Chả ai nói thế ngoài mấy thằng anti.,FALSE,FALSE,,,KEEP,,Brand Perception,Brand Image,Positive,0.7,FALSE,OK,VinFast VF3,No one says that except the antis.,ok,auto,TRUE,0,0,0.7,35,LOW
93d32c8c-b13b-4490-b89b-54e248ad293c,04/06/2026 23:30,Vietnam,YouTube,video_comment,https://www.youtube.com/watch?v=xzVrqva0KOM,UgyR-0SjkGJCHHaY2UZ4AaABAg.AWq61WF0-8wAWtZdzG5umx,UgyR-0SjkGJCHHaY2UZ4AaABAg.AWq61WF0-8wAWtZdzG5umx,,,@babaali9607,2 minggu yang lalu,,"Dân mua vì đi lời lãi thì dân mua, tiền ai nấy tiêu, bạn cứ đi thử và tính toán thực tế đi mới thấy. Đọc mạng câu view thì toàn bị lừa và đầu độc.",,VinFast,VinFast VF3,New Tech,Neutral,FALSE,,1,,0,0,FALSE,,,FALSE,youtube_vietnam_demo_v1,,"Dân mua vì đi lời lãi thì dân mua, tiền ai nấy tiêu, bạn cứ đi thử và tính toán thực tế đi mới thấy. Đọc mạng câu view thì toàn bị lừa và đầu độc.",FALSE,FALSE,,,KEEP,,Value Perception; Other,Cost of Ownership; Online Reviews,Positive,0.65,FALSE,LOW_CONFIDENCE,VinFast VF3,"People buy because it makes a profit, so people buy, everyone spends money, just try and calculate the reality to see. If you read online for views, you will be deceived and poisoned.",ok,auto,TRUE,0.405465108,3.62,0.65,34.31,LOW
07400822-032f-4ae5-a5a6-8a0cded9e658,04/06/2026 23:30,Vietnam,YouTube,video_comment,https://www.youtube.com/watch?v=xzVrqva0KOM,UgwRIfhkVBSZ1GcDxz14AaABAg,UgwRIfhkVBSZ1GcDxz14AaABAg,,,@kt0128,2 minggu yang lalu (diedit),,"xe này tính là 2 hàng hay 1 hàng ạ, nếu bé nhỏ 6 tháng muốn ngồi hàng ghế trước được không ạ?",,VinFast,VinFast VF3,Powertrain / Performance,Positive,FALSE,,0,3,0,0,FALSE,,,FALSE,youtube_vietnam_demo_v1,,"xe này tính là 2 hàng hay 1 hàng ạ, nếu bé nhỏ 6 tháng muốn ngồi hàng ghế trước được không ạ?",FALSE,FALSE,,,KEEP,,Comfort & Space; Comfort & Space,Seat Configuration; Cabin Space,Neutral,0.85,FALSE,OK,VinFast VF3,"Is this car considered 2 rows or 1 row? If my baby is 6 months old, can he sit in the front row?",ok,auto,TRUE,1.374436098,12.27,0.255,18.88,LOW
2cbf2e18-76ea-4d23-9001-2da6ed37d026,04/06/2026 23:30,Vietnam,YouTube,video_comment,https://www.youtube.com/watch?v=xzVrqva0KOM,UgwbPFMFQBNfA5FIvc14AaABAg,UgwbPFMFQBNfA5FIvc14AaABAg,,,@NguyenMinh-uy5gp,2 minggu yang lalu,,Điều hòa có chỉnh dc ko😅,,VinFast,VinFast VF3,Safety,Neutral,FALSE,,0,1,0,0,FALSE,,,FALSE,youtube_vietnam_demo_v1,,Điều hòa có chỉnh dc ko😅,FALSE,FALSE,,,KEEP,,Comfort & Space,Air Conditioning,Neutral,0.7,FALSE,OK,VinFast VF3,Can the air conditioner be adjusted?,ok,auto,TRUE,1.039720771,9.28,0.21,15.14,LOW
ace93367-6247-4b80-8cf8-d17eb7bb1829,04/06/2026 23:30,Vietnam,YouTube,video_comment,https://www.youtube.com/watch?v=xzVrqva0KOM,UgyR-0SjkGJCHHaY2UZ4AaABAg,UgyR-0SjkGJCHHaY2UZ4AaABAg,,,@ThuyBi-q1r,2 minggu yang lalu,,nhiều anh em tài xế trong nước đăng FB tiktok khuyên đừng mua VF để khỏi mât tiền oan mà vẫn có người đâm đầu vô... hài vãi,,VinFast,VinFast VF3,Powertrain / Performance,Neutral,FALSE,,1,4,0,0,FALSE,,,FALSE,youtube_vietnam_demo_v1,,nhiều anh em tài xế trong nước đăng FB tiktok khuyên đừng mua VF để khỏi mât tiền oan mà vẫn có người đâm đầu vô... hài vãi,FALSE,FALSE,,,KEEP,,Brand Perception,Brand Trust,Negative,0.9,FALSE,OK,VinFast VF3,"Many drivers in the country posted on Facebook tiktok advising them not to buy VF to avoid losing money unjustly, but there are still people crashing... it's so funny.",ok,auto,TRUE,3.107304049,27.74,0,13.87,LOW
f9251f24-44da-45a1-b324-2bc3d64dbe49,04/06/2026 23:30,Vietnam,YouTube,video_comment,https://www.youtube.com/watch?v=xzVrqva0KOM,UgxMRPUEGLonjLc7ldt4AaABAg,UgxMRPUEGLonjLc7ldt4AaABAg,,,@babaali9607,2 minggu yang lalu,,VF5 cần thay đèn hậu có sáng đèn đỏ mà ko cần phanh khi đi buổi tối. Sẽ hữu ích cho xe sau bám đuôi hoặc tránh xe khi đi cao tốc.,,VinFast,VinFast VF3,Styling / Design,Positive,FALSE,,0,,0,0,FALSE,,,FALSE,youtube_vietnam_demo_v1,,VF5 cần thay đèn hậu có sáng đèn đỏ mà ko cần phanh khi đi buổi tối. Sẽ hữu ích cho xe sau bám đuôi hoặc tránh xe khi đi cao tốc.,FALSE,FALSE,,,KEEP,,Styling / Design; Safety & ADAS,Tail Light Design; Visibility,Neutral,0.85,FALSE,MIXED_SENTIMENT,VinFast VF3,VF5 needs to change the tail light to have a red light without needing to brake when driving at night. It will be useful for following vehicles to follow or avoid vehicles on the highway.,ok,auto,TRUE,0,0,0.255,12.75,LOW
c82fca46-6255-4e11-aab4-e83aaae60328,04/06/2026 23:30,Vietnam,YouTube,video_comment,https://www.youtube.com/watch?v=xzVrqva0KOM,UgyWTxTnmHbMRhP32d14AaABAg.AX-AHH_EYXmAX5WfA_udPF,UgyWTxTnmHbMRhP32d14AaABAg.AX-AHH_EYXmAX5WfA_udPF,,,@lehiep3137,13 hari yang lalu,,ko đủ an toàn để bán âu mỹ. Ở Âu Mỹ thì khó có xe giá rẻ,,VinFast,VinFast VF3,Safety,Positive,FALSE,,0,,0,0,FALSE,,,FALSE,youtube_vietnam_demo_v1,,ko đủ an toàn để bán âu mỹ. Ở Âu Mỹ thì khó có xe giá rẻ,FALSE,FALSE,,,KEEP,,Safety & ADAS; Value Perception,Safety Standards; Price,Neutral,0.85,FALSE,OK,VinFast VF3,"Not safe enough to sell to Europe and America. In Europe and America, it is difficult to find cheap cars",ok,auto,TRUE,0,0,0.255,12.75,LOW
d378e125-2325-4ff4-a40a-2a3a95e7e862,04/06/2026 23:30,Vietnam,YouTube,video_comment,https://www.youtube.com/watch?v=xzVrqva0KOM,UgytODucjZrLrXInQ394AaABAg.AWrGxMdRiR1AWsYj5Ce87U,UgytODucjZrLrXInQ394AaABAg.AWrGxMdRiR1AWsYj5Ce87U,,,@ChuckN516,2 minggu yang lalu,,"Hãng xe nào cũng vậy thôi, cũng có tệp khách hàng tiên phong. Không có số 1 thì làm sao có số 2....",,VinFast,VinFast VF3,Styling / Design,Negative,FALSE,,0,,0,0,FALSE,,,FALSE,youtube_vietnam_demo_v1,,"Hãng xe nào cũng vậy thôi, cũng có tệp khách hàng tiên phong. Không có số 1 thì làm sao có số 2....",FALSE,FALSE,,,KEEP,,Brand Perception,Brand Image,Neutral,0.8,FALSE,OK,VinFast VF3,"Just like any car company, it also has a pioneering customer base. Without number 1, how can there be number 2?...",ok,auto,TRUE,0,0,0.24,12,LOW
e66498ea-eda5-4a5d-a208-c4c774b41ba6,04/06/2026 23:30,Vietnam,YouTube,video_comment,https://www.youtube.com/watch?v=xzVrqva0KOM,UgwKEZ5t0P-27Oi0YyV4AaABAg,UgwKEZ5t0P-27Oi0YyV4AaABAg,,,@thanhtu129official,2 minggu yang lalu (diedit),,"Vừa coi kênh a7 tv phân tích xong Vf5 tc2 bản cởi chuồng 400tr thì ông nào chọn vf3 thì đến nể, trừ ae thật sự dư giả về tc😂",,VinFast,VinFast VF3,Value Perception,Negative,FALSE,,1,7,0,0,FALSE,,,FALSE,youtube_vietnam_demo_v1,,"Vừa coi kênh a7 tv phân tích xong Vf5 tc2 bản cởi chuồng 400tr thì ông nào chọn vf3 thì đến nể, trừ ae thật sự dư giả về tc😂",FALSE,FALSE,,,KEEP,,Value Perception; Value Perception,Price; Competitor Comparison,Negative,0.875,FALSE,OK,VinFast VF3,"Just watched channel a7 tv and finished analyzing the Vf5 tc2 version with the price of 400 million, whoever chooses vf3 will be respected, unless you really have enough money to buy tc😂",ok,auto,TRUE,2.661581203,23.76,0,11.88,LOW
c46f8464-052d-489e-87e2-13dc6c6f41ed,04/06/2026 23:30,Vietnam,YouTube,video_comment,https://www.youtube.com/watch?v=xzVrqva0KOM,UgwKEZ5t0P-27Oi0YyV4AaABAg.AWpV0PLnEqFAWpVoMdEtQ0,UgwKEZ5t0P-27Oi0YyV4AaABAg.AWpV0PLnEqFAWpVoMdEtQ0,,,@bipham2696,2 minggu yang lalu,,Chuẩn luôn 😂😢😅 nhà có xe rồi mua thêm chiếc chở bồ nhí đi chơi giữa đường hết pin vào nhà nghĩ mà sạc thì đc 😅😅😅,,VinFast,VinFast VF3,Powertrain / Performance,Positive,FALSE,,0,,0,0,FALSE,,,FALSE,youtube_vietnam_demo_v1,,Chuẩn luôn 😂😢😅 nhà có xe rồi mua thêm chiếc chở bồ nhí đi chơi giữa đường hết pin vào nhà nghĩ mà sạc thì đc 😅😅😅,FALSE,FALSE,,,KEEP,,Other; Powertrain / Performance,Ownership Experience; Battery Range,Neutral,0.75,FALSE,MIXED_SENTIMENT,VinFast VF3,That's right 😂😢😅 we have a car so we bought another one to take our girlfriend out on the road and the battery ran out when we thought we could charge it at home 😅😅😅,ok,auto,TRUE,0,0,0.225,11.25,LOW
abfa1b1c-9593-448a-a062-cfc6df2430f7,04/06/2026 23:30,Vietnam,YouTube,video_comment,https://www.youtube.com/watch?v=xzVrqva0KOM,UgwKEZ5t0P-27Oi0YyV4AaABAg.AWpV0PLnEqFAWtYcNAVuIW,UgwKEZ5t0P-27Oi0YyV4AaABAg.AWpV0PLnEqFAWtYcNAVuIW,,,@babaali9607,2 minggu yang lalu,,"Sớm
Muộn vf5 cũng
Có bản giá mềm. Lấh bớt khách của vf3. Vẫn còn nh ng mua vf3 vì chỉ thích xe nhỏ đi cá nhân luồn lách đi gần thì vẫn mua.",,VinFast,VinFast VF3,Value Perception,Neutral,FALSE,,0,,0,0,FALSE,,,FALSE,youtube_vietnam_demo_v1,,"Sớm
Muộn vf5 cũng
Có bản giá mềm. Lấh bớt khách của vf3. Vẫn còn nh ng mua vf3 vì chỉ thích xe nhỏ đi cá nhân luồn lách đi gần thì vẫn mua.",FALSE,FALSE,,,KEEP,,Value Perception; Styling / Design,Price; Body Shape,Neutral,0.75,FALSE,MIXED_SENTIMENT,VinFast VF3,"Soon
Late vf5 also
There is a cheap version. Take away vf3's customers. There are still people who buy VF3 because they only like small cars for personal use and getting around, so they still buy it.",ok,auto,TRUE,0,0,0.225,11.25,LOW
8dfd1003-41cc-4315-a947-69a09327a10b,04/06/2026 23:30,Vietnam,YouTube,video_comment,https://www.youtube.com/watch?v=xzVrqva0KOM,UgwRIfhkVBSZ1GcDxz14AaABAg.AWqycnfsz5SAWrFFfhOI-D,UgwRIfhkVBSZ1GcDxz14AaABAg.AWqycnfsz5SAWrFFfhOI-D,,,@kt0128,2 minggu yang lalu,,"@XẾCỘNG vậy thì hơi bất tiện cho mẹ rồi ạ, hàng sau có lắp được ghế an toàn không ạ",,VinFast,VinFast VF3,Safety,Positive,FALSE,,0,,0,0,FALSE,,,FALSE,youtube_vietnam_demo_v1,,"@XẾCỘNG vậy thì hơi bất tiện cho mẹ rồi ạ, hàng sau có lắp được ghế an toàn không ạ",FALSE,FALSE,,,KEEP,,Comfort & Space; Comfort & Space,Cabin Space; Child Seat Compatibility,Neutral,0.75,FALSE,OK,VinFast VF3,"@XECONG that's a bit inconvenient for mom, can the back row install safety seats?",ok,auto,TRUE,0,0,0.225,11.25,LOW
ecb63289-5a37-43f8-ae67-107dbc22295e,04/06/2026 23:30,Vietnam,YouTube,video_comment,https://www.youtube.com/watch?v=xzVrqva0KOM,Ugx_v5ZdQJIPHPCU5Yp4AaABAg,Ugx_v5ZdQJIPHPCU5Yp4AaABAg,,,@CuongPhamuc-lh8ns,2 minggu yang lalu,,Nhà máy làm thêm cốp trước thì tốt hơn,,VinFast,VinFast VF3,Powertrain / Performance,Positive,FALSE,,3,,0,0,FALSE,,,FALSE,youtube_vietnam_demo_v1,,Nhà máy làm thêm cốp trước thì tốt hơn,FALSE,FALSE,,,KEEP,,Comfort & Space,Frunk Space,Negative,0.9,FALSE,OK,VinFast VF3,The factory made it better to add a front trunk,ok,auto,TRUE,1.386294361,12.38,0,6.19,LOW
00749b2b-da47-4059-a14f-3bad92e3f069,04/06/2026 23:30,Vietnam,YouTube,video_comment,https://www.youtube.com/watch?v=xzVrqva0KOM,UgwKEZ5t0P-27Oi0YyV4AaABAg.AWpV0PLnEqFAWpco9E877Z,UgwKEZ5t0P-27Oi0YyV4AaABAg.AWpV0PLnEqFAWpco9E877Z,,,@NhấtVũ-z7i,2 minggu yang lalu,,cách nhau cả 130 140 triệu đấykhông ít đâu ông ạ,,VinFast,VinFast VF3,Styling / Design,Neutral,FALSE,,2,,0,0,FALSE,,,FALSE,youtube_vietnam_demo_v1,,cách nhau cả 130 140 triệu đấykhông ít đâu ông ạ,FALSE,FALSE,,,KEEP,,Value Perception,Price,Negative,0.9,FALSE,OK,VinFast VF3,"The difference is 130 to 140 million, not much, sir",ok,auto,TRUE,1.098612289,9.81,0,4.91,LOW
8fcb855f-1192-491e-97b5-54d30afadc30,04/06/2026 23:30,Vietnam,YouTube,video_comment,https://www.youtube.com/watch?v=xzVrqva0KOM,UgyKNLgLIKRKZ3Xu5vR4AaABAg,UgyKNLgLIKRKZ3Xu5vR4AaABAg,,,@KhanhTCL-bh4th,2 minggu yang lalu,,"Vin bán cái xe này nên mở thêm 1 lớp hướng dẫn dùng xe cho khách hàng trước khi xuống tiền. Kiểu như đi mưa trượt bánh thì phải làm sao, khi đạp thắng mà xe nó quay vòng thì phải làm sao. Lật xe thì phải làm sao...",,VinFast,VinFast VF3,Styling / Design,Positive,FALSE,,1,2,0,0,FALSE,,,FALSE,youtube_vietnam_demo_v1,,"Vin bán cái xe này nên mở thêm 1 lớp hướng dẫn dùng xe cho khách hàng trước khi xuống tiền. Kiểu như đi mưa trượt bánh thì phải làm sao, khi đạp thắng mà xe nó quay vòng thì phải làm sao. Lật xe thì phải làm sao...",FALSE,FALSE,,,KEEP,,Other; Safety & ADAS; Safety & ADAS; Safety & ADAS,Ownership Experience; Braking System; Vehicle Stability; Rollover Protection,Negative,0.8,FALSE,OK,VinFast VF3,Vin sells this car so he should open another class to teach customers how to use the car before paying. Like what should you do when you skid in the rain? What should you do when you step on the brake and the car spins? What should I do if my car flips over...,ok,auto,TRUE,0.831341213,7.42,0,3.71,LOW
1caec4a5-fd0e-4de2-be65-717209390adc,04/06/2026 23:30,Vietnam,YouTube,video_comment,https://www.youtube.com/watch?v=xzVrqva0KOM,UgwKEZ5t0P-27Oi0YyV4AaABAg.AWpV0PLnEqFAWpXN9-OF21,UgwKEZ5t0P-27Oi0YyV4AaABAg.AWpV0PLnEqFAWpXN9-OF21,,,@XẾCỘNG,2 minggu yang lalu,,"Cởi chuồng thì dành cho anh em mua xe đầu thôi. Xe thứ 2,3 ngta lại k mặn mà vs con vf5 đó đâu",,VinFast,VinFast VF3,Powertrain / Performance,Negative,FALSE,,1,,0,0,FALSE,,,FALSE,youtube_vietnam_demo_v1,,"Cởi chuồng thì dành cho anh em mua xe đầu thôi. Xe thứ 2,3 ngta lại k mặn mà vs con vf5 đó đâu",FALSE,FALSE,,,KEEP,,Value Perception,Target Market,Negative,0.9,FALSE,OK,VinFast VF3,Taking off the barn is only for those who buy the first car. The 2nd and 3rd car is not interested in that vf5,ok,auto,TRUE,0.693147181,6.19,0,3.1,LOW
cda20596-c574-4ed8-a94f-2e5ec7a1bfc7,04/06/2026 23:30,Vietnam,YouTube,video_comment,https://www.youtube.com/watch?v=xzVrqva0KOM,UgxzFtvRg7E97i2rs6h4AaABAg,UgxzFtvRg7E97i2rs6h4AaABAg,,,@babaali9607,2 minggu yang lalu,,"VF5 hơn hẳn vf3 vì khung gầm, động cơ, pin và kích thước. Option có thể cắt bớt nhưng cốt lõi vẫn hơn nhiều vf3. Phù hợp chạy dịch vụ và đi cá nhân, gia đình ít ng. Rất ok 👍",,VinFast,VinFast VF3,Powertrain / Performance,Positive,FALSE,,0,2,0,0,FALSE,,,FALSE,youtube_vietnam_demo_v1,,"VF5 hơn hẳn vf3 vì khung gầm, động cơ, pin và kích thước. Option có thể cắt bớt nhưng cốt lõi vẫn hơn nhiều vf3. Phù hợp chạy dịch vụ và đi cá nhân, gia đình ít ng. Rất ok 👍",FALSE,FALSE,,,KEEP,"đỉnh(75.0%), 👍(100%)",Powertrain / Performance; Powertrain / Performance; Comfort & Space; Value Perception; Value Perception,Engine Power; Battery Range; Cabin Space; Competitor Comparison; Value for Money,Negative,0.88,FALSE,MIXED_SENTIMENT,VinFast VF3,"The VF5 is superior to the VF3 because of its chassis, motor, battery and size. Option can be cut down but the core is still much better than vf3. Suitable for service and personal travel, small families. Very ok 👍",ok,auto,TRUE,0.504708355,4.51,0,2.25,LOW
06c1eaaf-9aca-4582-8c85-e47a9ab63632,04/06/2026 23:30,Vietnam,YouTube,video_comment,https://www.youtube.com/watch?v=xzVrqva0KOM,UgwKEZ5t0P-27Oi0YyV4AaABAg.AWpV0PLnEqFAWpatXLXx7n,UgwKEZ5t0P-27Oi0YyV4AaABAg.AWpV0PLnEqFAWpatXLXx7n,,,@amateurgamer1175,2 minggu yang lalu,,nguời ko dư giả thì ngta cũng chọn 400 hơn là 300 à mà ông nói vậy,,VinFast,VinFast VF3,Value Perception,Neutral,FALSE,,0,,0,0,FALSE,,,FALSE,youtube_vietnam_demo_v1,,nguời ko dư giả thì ngta cũng chọn 400 hơn là 300 à mà ông nói vậy,FALSE,FALSE,,,KEEP,,Value Perception,Competitor Comparison,Negative,0.8,FALSE,OK,VinFast VF3,"People who don't have enough money still choose 400 rather than 300, you said",ok,auto,TRUE,0,0,0,0,LOW
a4b9456a-9bc1-4d86-a489-8a2d4feb5be8,04/06/2026 23:30,Vietnam,YouTube,video_comment,https://www.youtube.com/watch?v=xzVrqva0KOM,UgxzFtvRg7E97i2rs6h4AaABAg.AWtYx7D4CBqAWtxKMjxt4o,UgxzFtvRg7E97i2rs6h4AaABAg.AWtYx7D4CBqAWtxKMjxt4o,,,@coolkhanh265,2 minggu yang lalu,,"Cảm ơn b nói điều ai cũng biết , vì nó đắt hơn gần 200 chai thì chả vậy",,VinFast,VinFast VF3,Value Perception,Negative,FALSE,,0,,0,0,FALSE,,,FALSE,youtube_vietnam_demo_v1,,"Cảm ơn b nói điều ai cũng biết , vì nó đắt hơn gần 200 chai thì chả vậy",FALSE,FALSE,,,KEEP,,Value Perception,Price,Negative,0.9,FALSE,OK,VinFast VF3,"Thank you for saying what everyone knows, because it's almost 200 bottles more expensive than that",ok,auto,TRUE,0,0,0,0,LOW
f233520a-5f6c-4079-8c1d-b8e6fdf55ad8,04/06/2026 23:30,Vietnam,YouTube,video_comment,https://www.youtube.com/watch?v=xzVrqva0KOM,UgwKEZ5t0P-27Oi0YyV4AaABAg.AWpV0PLnEqFAWqFinjfvdA,UgwKEZ5t0P-27Oi0YyV4AaABAg.AWpV0PLnEqFAWqFinjfvdA,,,@bangsao5421,2 minggu yang lalu,,Bạn cmt mình bi ngu là dc. Mở tài khoản xem có bn tiền mà xạo lozz😅😅😅,,VinFast,VinFast VF3,Powertrain / Performance,Neutral,FALSE,,0,,0,0,FALSE,,,FALSE,youtube_vietnam_demo_v1,,Bạn cmt mình bi ngu là dc. Mở tài khoản xem có bn tiền mà xạo lozz😅😅😅,FALSE,FALSE,,,KEEP,,Other,General,Neutral,0,FALSE,NO ASPECT | NONSUBSTANTIAL,VinFast VF3,,skipped_not_substantial,,FALSE,,,,,
06efe5fd-69e3-400b-b929-537413b78b07,04/06/2026 23:30,Vietnam,YouTube,video_comment,https://www.youtube.com/watch?v=xzVrqva0KOM,UgwRIfhkVBSZ1GcDxz14AaABAg.AWqycnfsz5SAWrDL-b5L-E,UgwRIfhkVBSZ1GcDxz14AaABAg.AWqycnfsz5SAWrDL-b5L-E,,,@XẾCỘNG,2 minggu yang lalu,,Sau 1/7 k đc b nhé,,VinFast,VinFast VF3,New Tech,Neutral,FALSE,,1,,0,0,FALSE,,,FALSE,youtube_vietnam_demo_v1,,Sau 1/7 k đc b nhé,FALSE,FALSE,,,KEEP,,Other,General Impression,Neutral,0.8,FALSE,OK,VinFast VF3,,skipped_not_substantial,,FALSE,,,,,
db5828b0-5313-4e7d-9659-f71ba5f37eaa,04/06/2026 23:30,Vietnam,YouTube,video_comment,https://www.youtube.com/watch?v=xzVrqva0KOM,UgwbPFMFQBNfA5FIvc14AaABAg.AWzls91Lcb2AX0Eb5MzhCw,UgwbPFMFQBNfA5FIvc14AaABAg.AWzls91Lcb2AX0Eb5MzhCw,,,@XẾCỘNG,2 minggu yang lalu,,Đc chứ b,,VinFast,VinFast VF3,Styling / Design,Neutral,FALSE,,0,,0,0,FALSE,,,FALSE,youtube_vietnam_demo_v1,,Đc chứ b,FALSE,FALSE,,,LOW_SIGNAL,,,,,,,,,,,,,,,,,
bd6934d1-0976-44a2-8532-6eda83d8a798,04/06/2026 23:30,Vietnam,YouTube,video_comment,https://www.youtube.com/watch?v=xzVrqva0KOM,UgwgQmqXzloXKXQqAvJ4AaABAg,UgwgQmqXzloXKXQqAvJ4AaABAg,,,@XẾCỘNG,2 minggu yang lalu,,"Nhóm cập nhật và tư vấn mua xe của Xế Cộng

https://zalo.me/g/b2kqtocrf9akbwpd4wsx",,VinFast,VinFast VF3,Safety,Neutral,FALSE,,0,,0,0,FALSE,,,FALSE,youtube_vietnam_demo_v1,,"Nhóm cập nhật và tư vấn mua xe của Xế Cộng

https://zalo.me/g/b2kqtocrf9akbwpd4wsx",FALSE,FALSE,,,KEEP,,Other,General Impression,Neutral,0.9,FALSE,OK,VinFast VF3,,skipped_not_substantial,,FALSE,,,,,
db833a97-7523-4d1a-8013-5e94d944e8ca,04/06/2026 23:30,Vietnam,YouTube,video_comment,https://www.youtube.com/watch?v=xzVrqva0KOM,UgwoGKW_WFtJKT2jz314AaABAg,UgwoGKW_WFtJKT2jz314AaABAg,,,@cuongnguyenvu4845,2 minggu yang lalu,,Mún đặt xe o2o thì nhắn cho anh hay sao ạ,,VinFast,VinFast VF3,Value Perception,Positive,FALSE,,0,1,0,0,FALSE,,,FALSE,youtube_vietnam_demo_v1,,Mún đặt xe o2o thì nhắn cho anh hay sao ạ,FALSE,FALSE,,,KEEP,,Other,Purchase Inquiry,Neutral,0.9,FALSE,OK,VinFast VF3,,skipped_not_substantial,,FALSE,,,,,
e36daf9a-8b36-4dad-b8b7-081216b94527,04/06/2026 23:30,Vietnam,YouTube,video_comment,https://www.youtube.com/watch?v=xzVrqva0KOM,UgwoGKW_WFtJKT2jz314AaABAg.AWpvlAN00v9AWqnrr986TA,UgwoGKW_WFtJKT2jz314AaABAg.AWpvlAN00v9AWqnrr986TA,,,@XẾCỘNG,2 minggu yang lalu,,Vào nhóm rồi cần gì báo anh em hỗ trợ b nhé,,VinFast,VinFast VF3,Styling / Design,Neutral,FALSE,,0,,0,0,FALSE,,,FALSE,youtube_vietnam_demo_v1,,Vào nhóm rồi cần gì báo anh em hỗ trợ b nhé,FALSE,FALSE,,,KEEP,,Other,Ownership Experience,Positive,0.7,FALSE,OK,VinFast VF3,,skipped_not_substantial,,FALSE,,,,,
81c8000c-cebc-43a1-9fe9-078c6313f1a3,04/06/2026 23:30,Vietnam,YouTube,video_comment,https://www.youtube.com/watch?v=xzVrqva0KOM,UgxlXyuNuplLW1Jpt_B4AaABAg,UgxlXyuNuplLW1Jpt_B4AaABAg,,,@chungtinhhoangtu7161,2 minggu yang lalu,,good,,VinFast,VinFast VF3,Value Perception,Positive,FALSE,,1,,0,0,FALSE,,,FALSE,youtube_vietnam_demo_v1,,good,FALSE,FALSE,,,LOW_SIGNAL,,,,,,,,,,,,,,,,,
4b0f8286-9f6f-426b-852f-23d7e9990b78,04/06/2026 23:30,Vietnam,YouTube,video_comment,https://www.youtube.com/watch?v=xzVrqva0KOM,UgxzFtvRg7E97i2rs6h4AaABAg.AWtYx7D4CBqAWwPAZByf1M,UgxzFtvRg7E97i2rs6h4AaABAg.AWtYx7D4CBqAWwPAZByf1M,,,@quannguyenminh1058,2 minggu yang lalu,,Nói gì mà điều ai cũng biết vậy bác,,VinFast,VinFast VF3,Value Perception,Neutral,FALSE,,0,,0,0,FALSE,,,FALSE,youtube_vietnam_demo_v1,,Nói gì mà điều ai cũng biết vậy bác,FALSE,FALSE,,,KEEP,,Other,General Impression,Neutral,0.8,FALSE,OK,VinFast VF3,,skipped_not_substantial,,FALSE,,,,,
624cffec-88f0-4efd-a24e-11120a46feae,04/06/2026 23:30,Vietnam,YouTube,video_comment,https://www.youtube.com/watch?v=xzVrqva0KOM,Ugy0ALQxcWDlE2zURyB4AaABAg,Ugy0ALQxcWDlE2zURyB4AaABAg,,,@joonnguyen3310,2 minggu yang lalu,,Xem từ những ngày đầu nhưng vẫn chưa biết công việc chính của Xế Cộng là gì .,,VinFast,VinFast VF3,New Tech,Neutral,FALSE,,0,1,0,0,FALSE,,,FALSE,youtube_vietnam_demo_v1,,Xem từ những ngày đầu nhưng vẫn chưa biết công việc chính của Xế Cộng là gì .,FALSE,FALSE,,,KEEP,,Other,General Impression,Neutral,0.7,FALSE,OK,VinFast VF3,,skipped_not_substantial,,FALSE,,,,,
5d3d28cc-45a8-4cdf-88ee-2da42b764caa,04/06/2026 23:30,Vietnam,YouTube,video_comment,https://www.youtube.com/watch?v=xzVrqva0KOM,Ugy0ALQxcWDlE2zURyB4AaABAg.AWpjyM_NWonAWplDhGugfF,Ugy0ALQxcWDlE2zURyB4AaABAg.AWpjyM_NWonAWplDhGugfF,,,@XẾCỘNG,2 minggu yang lalu,,Cay view kiếm tiền youtube bro,,VinFast,VinFast VF3,Powertrain / Performance,Neutral,FALSE,,0,,0,0,FALSE,,,FALSE,youtube_vietnam_demo_v1,,Cay view kiếm tiền youtube bro,FALSE,FALSE,,,KEEP,,Other,General Impression,Neutral,0.6,FALSE,LOW_CONFIDENCE,VinFast VF3,,skipped_not_substantial,,FALSE,,,,,
604f575d-c778-4d44-8c3c-7b4ba28e0300,04/06/2026 23:30,Vietnam,YouTube,video_comment,https://www.youtube.com/watch?v=xzVrqva0KOM,Ugy7s5Zcf3bF5G8chUV4AaABAg,Ugy7s5Zcf3bF5G8chUV4AaABAg,,,@MocDau,2 minggu yang lalu,,"O2O ở tỉnh nào cũng được hả bạn, hay chỉ HN thôi",,VinFast,VinFast VF3,Powertrain / Performance,Positive,FALSE,,0,1,0,0,FALSE,,,FALSE,youtube_vietnam_demo_v1,,"O2O ở tỉnh nào cũng được hả bạn, hay chỉ HN thôi",FALSE,FALSE,,,KEEP,đỉnh(75.0%),Other,Availability,Neutral,0.9,FALSE,OK,VinFast VF3,,skipped_not_substantial,,FALSE,,,,,
e260c235-554c-4db0-b650-0293950a0608,04/06/2026 23:30,Vietnam,YouTube,video_comment,https://www.youtube.com/watch?v=xzVrqva0KOM,Ugy7s5Zcf3bF5G8chUV4AaABAg.AWqyxFFW9ekAWrDJS0dHdI,Ugy7s5Zcf3bF5G8chUV4AaABAg.AWqyxFFW9ekAWrDJS0dHdI,,,@XẾCỘNG,2 minggu yang lalu,,Chương trình áp dụng trên toàn quốc bác nhé!,,VinFast,VinFast VF3,Styling / Design,Neutral,FALSE,,0,,0,0,FALSE,,,FALSE,youtube_vietnam_demo_v1,,Chương trình áp dụng trên toàn quốc bác nhé!,FALSE,FALSE,,,KEEP,,Other,Promotion Availability,Positive,0.9,FALSE,OK,VinFast VF3,,skipped_not_substantial,,FALSE,,,,,
c0ce3715-036b-4e27-b2e3-592e0a723806,04/06/2026 23:30,Vietnam,YouTube,video_comment,https://www.youtube.com/watch?v=xzVrqva0KOM,UgyR-0SjkGJCHHaY2UZ4AaABAg.AWq61WF0-8wAWqnopmBGfP,UgyR-0SjkGJCHHaY2UZ4AaABAg.AWq61WF0-8wAWqnopmBGfP,,,@XẾCỘNG,2 minggu yang lalu,,Ui. Ở nước ngoài thì k hiểu ở trong nước như nào đâu😅,,VinFast,VinFast VF3,Styling / Design,Neutral,FALSE,,1,,0,0,FALSE,,,FALSE,youtube_vietnam_demo_v1,,Ui. Ở nước ngoài thì k hiểu ở trong nước như nào đâu😅,FALSE,FALSE,,,KEEP,,Other,General Impression,Neutral,0.8,FALSE,OK,VinFast VF3,,skipped_not_substantial,,FALSE,,,,,
7c78c343-51fb-4879-a34a-483c72bb3e63,04/06/2026 23:30,Vietnam,YouTube,video_comment,https://www.youtube.com/watch?v=xzVrqva0KOM,UgyR-0SjkGJCHHaY2UZ4AaABAg.AWq61WF0-8wAWqplmZAmCU,UgyR-0SjkGJCHHaY2UZ4AaABAg.AWq61WF0-8wAWqplmZAmCU,,,@vietngoc7041,2 minggu yang lalu,,"Chắc mấy ông đó bị tâm thần hay bị tính ghen ghét, đố kỵ !",,VinFast,VinFast VF3,Value Perception,Positive,FALSE,,1,,0,0,FALSE,,,FALSE,youtube_vietnam_demo_v1,,"Chắc mấy ông đó bị tâm thần hay bị tính ghen ghét, đố kỵ !",FALSE,FALSE,,,KEEP,,Other,General Impression,Neutral,0.8,FALSE,OK,VinFast VF3,,skipped_not_substantial,,FALSE,,,,,
9c4cdf13-1b6f-4934-a8c9-135687c98b70,04/06/2026 23:30,Vietnam,YouTube,video_comment,https://www.youtube.com/watch?v=xzVrqva0KOM,UgyeEdDEN70pmqCxik54AaABAg,UgyeEdDEN70pmqCxik54AaABAg,,,@tungwu2399,2 minggu yang lalu,,Xe dành cho bkc,,VinFast,VinFast VF3,Value Perception,Neutral,FALSE,,0,,0,0,FALSE,,,FALSE,youtube_vietnam_demo_v1,,Xe dành cho bkc,FALSE,FALSE,,,LOW_SIGNAL,,,,,,,,,,,,,,,,,
02cd81d7-3640-4a58-9421-9328d2ef1349,04/06/2026 23:30,Vietnam,YouTube,video_comment,https://www.youtube.com/watch?v=xzVrqva0KOM,UgytODucjZrLrXInQ394AaABAg,UgytODucjZrLrXInQ394AaABAg,,,@RedMinskStudio_Hanoi,2 minggu yang lalu,,mấy ae tiên phong vỡ mòm =)))))))))))))) vừa bị chém vừa lỗi,,VinFast,VinFast VF3,Styling / Design,Negative,FALSE,,0,2,0,0,FALSE,,,FALSE,youtube_vietnam_demo_v1,,mấy ae tiên phong vỡ mòm =)))))))))))))) vừa bị chém vừa lỗi,FALSE,FALSE,,,KEEP,,Other,Ownership Experience,Negative,0.9,FALSE,OK,VinFast VF3,,skipped_not_substantial,,FALSE,,,,,
8213f40b-0dc5-4ef9-abb9-690775a34002,04/06/2026 23:30,Vietnam,YouTube,video_comment,https://www.youtube.com/watch?v=xzVrqva0KOM,Ugz28lKcr3U86SsM2PV4AaABAg,Ugz28lKcr3U86SsM2PV4AaABAg,,,@hieungokht2921,2 minggu yang lalu,,cho e hỏi như xe màu vàng kia thì lưu thông bình thường có bị CA thổi vì dán decal đổi màu như vậy ko ạ,,VinFast,VinFast VF3,Styling / Design,Neutral,FALSE,,0,1,0,0,FALSE,,,FALSE,youtube_vietnam_demo_v1,,cho e hỏi như xe màu vàng kia thì lưu thông bình thường có bị CA thổi vì dán decal đổi màu như vậy ko ạ,FALSE,FALSE,,,KEEP,,Other,Legal Compliance,Neutral,0.9,FALSE,OK,VinFast VF3,,skipped_not_substantial,,FALSE,,,,,
afe2c801-e781-4183-a3ca-dc3815c1318d,04/06/2026 23:30,Vietnam,YouTube,video_comment,https://www.youtube.com/watch?v=xzVrqva0KOM,Ugz28lKcr3U86SsM2PV4AaABAg.AWwdBR8GKHqAWx6_9VwAUa,Ugz28lKcr3U86SsM2PV4AaABAg.AWwdBR8GKHqAWx6_9VwAUa,,,@XẾCỘNG,2 minggu yang lalu,,Trên 50% diện tích vẫn là màu trong đăng ký là oki,,VinFast,VinFast VF3,Styling / Design,Neutral,FALSE,,2,,0,0,FALSE,,,FALSE,youtube_vietnam_demo_v1,,Trên 50% diện tích vẫn là màu trong đăng ký là oki,FALSE,FALSE,,,KEEP,,Other,Registration Color Policy,Neutral,0.9,FALSE,OK,VinFast VF3,,skipped_not_substantial,,FALSE,,,,,
01c723f4-5b64-4224-8434-539d31db4b5f,04/06/2026 23:30,Vietnam,YouTube,video_comment,https://www.youtube.com/watch?v=xzVrqva0KOM,UgzXRC2515yA6jmyFy54AaABAg,UgzXRC2515yA6jmyFy54AaABAg,,,@nguyenthikimngan4542,2 minggu yang lalu,,có xe sẵn giao liền k ạ?,,VinFast,VinFast VF3,Powertrain / Performance,Neutral,FALSE,,0,1,0,0,FALSE,,,FALSE,youtube_vietnam_demo_v1,,có xe sẵn giao liền k ạ?,FALSE,FALSE,,,KEEP,,Other,Availability,Neutral,0.9,FALSE,OK,VinFast VF3,,skipped_not_substantial,,FALSE,,,,,
17e9b300-c5bd-496a-a0b5-359e0ca01583,04/06/2026 23:30,Vietnam,YouTube,video_comment,https://www.youtube.com/watch?v=xzVrqva0KOM,UgzXRC2515yA6jmyFy54AaABAg.AX2u7RbQjHBAX3rP4sEGxD,UgzXRC2515yA6jmyFy54AaABAg.AX2u7RbQjHBAX3rP4sEGxD,,,@XẾCỘNG,2 minggu yang lalu,,Bạn liên hệ zalo 0888484892 xem cần xe gì. Khu vực nào để mình check nhé,,VinFast,VinFast VF3,Safety,Neutral,FALSE,,0,,0,0,FALSE,,,FALSE,youtube_vietnam_demo_v1,,Bạn liên hệ zalo 0888484892 xem cần xe gì. Khu vực nào để mình check nhé,FALSE,FALSE,,,KEEP,,Other,Sales Inquiry,Neutral,0.9,FALSE,OK,VinFast VF3,,skipped_not_substantial,,FALSE,,,,,
d2069c19-2b0d-4dfd-a6df-ec532260096f,04/06/2026 23:30,Vietnam,YouTube,video_comment,https://www.youtube.com/watch?v=xzVrqva0KOM,UgzcPqFC0bJV_oD99eV4AaABAg.AWpXYKuJBLBAWp__XPdU_y,UgzcPqFC0bJV_oD99eV4AaABAg.AWpXYKuJBLBAWp__XPdU_y,,,@XẾCỘNG,2 minggu yang lalu,,Ko. 2 tệp khách khác xa nhau lắm b,,VinFast,VinFast VF3,New Tech,Negative,FALSE,,1,,0,0,FALSE,,,FALSE,youtube_vietnam_demo_v1,,Ko. 2 tệp khách khác xa nhau lắm b,FALSE,FALSE,,,KEEP,,Other,General Impression,Neutral,0.6,FALSE,LOW_CONFIDENCE,VinFast VF3,,skipped_not_substantial,,FALSE,,,,,
